{"cameraMode":{"drawMode":0,"name":"Shaded","section":"Shading Mode"},"sceneLighting":true,"audioPlay":false,"sceneViewState":{"showFog":true,"showMaterialUpdate":false,"showSkybox":true,"showFlares":true,"showImageEffects":true,"showParticleSystems":true,"showVisualEffectGraphs":true,"m_FxEnabled":true},"in2DMode":false,"pivot":{"x":0.7300266027450562,"y":-1.7463409900665284,"z":14.069953918457032},"rotation":{"x":-0.07071975618600846,"y":-0.029324868693947793,"z":0.0020802291110157968,"w":-0.997063398361206},"size":9.69420337677002,"orthographic":false}