{"cameraMode":{"drawMode":0,"name":"Shaded","section":"Shading Mode"},"sceneLighting":true,"audioPlay":false,"sceneViewState":{"showFog":true,"showMaterialUpdate":false,"showSkybox":true,"showFlares":true,"showImageEffects":true,"showParticleSystems":true,"showVisualEffectGraphs":true,"m_FxEnabled":true},"in2DMode":false,"pivot":{"x":-1.8244467973709107,"y":-0.03617628663778305,"z":-0.9225330948829651},"rotation":{"x":-0.03623330965638161,"y":0.9061706066131592,"z":-0.07931554317474365,"w":-0.4138220250606537},"size":2.8114876747131349,"orthographic":false}