{"cameraMode":{"drawMode":0,"name":"Shaded","section":"Shading Mode"},"sceneLighting":false,"audioPlay":false,"sceneViewState":{"showFog":true,"showMaterialUpdate":false,"showSkybox":false,"showFlares":true,"showImageEffects":true,"showParticleSystems":true,"showVisualEffectGraphs":true,"m_FxEnabled":true},"in2DMode":false,"pivot":{"x":-1.3556829690933228,"y":0.24485301971435548,"z":0.9860000014305115},"rotation":{"x":0.03917493671178818,"y":0.8449007272720337,"z":-0.062478359788656238,"w":0.5298458933830261},"size":0.2121320217847824,"orthographic":false}