{"cameraMode":{"drawMode":0,"name":"Shaded","section":"Shading Mode"},"sceneLighting":true,"audioPlay":false,"sceneViewState":{"showFog":true,"showMaterialUpdate":false,"showSkybox":true,"showFlares":true,"showImageEffects":true,"showParticleSystems":true,"showVisualEffectGraphs":true,"m_FxEnabled":true},"in2DMode":false,"pivot":{"x":-0.41474223136901858,"y":0.27572619915008547,"z":-0.09804868698120117},"rotation":{"x":0.1071266457438469,"y":-0.8872689008712769,"z":0.2599477767944336,"w":0.3656477630138397},"size":1.207395076751709,"orthographic":false}